{
  "timestamp": "20250618_121459",
  "learning_patterns": {
    "early_improvement": 0.014091270236864217,
    "middle_improvement": 0.030917143514166124,
    "late_improvement": 0.04807122367136797,
    "improvement_trend": 0.0009216787479006521,
    "recent_variance": 1.3695501826753678e-32,
    "learning_efficiency": 0.008477774797501897,
    "total_improvement": 0.4238887398750948
  },
  "total_cycles": 50,
  "final_accuracy": 0.95,
  "initial_accuracy": 0.5261112601249052,
  "conclusion": "AI thông minh dần lên theo thời gian với diminishing returns"
}