{
  "timestamp": "2025-06-17T22:54:27.408164",
  "summary": {
    "total_models": 2,
    "best_accuracy": 0.428202479338843,
    "average_accuracy": 0.4088326446280992,
    "v4_baseline": 0.84,
    "improvement": -0.411797520661157,
    "models_better_than_v4": 0
  },
  "detailed_results": [
    {
      "model_name": "M15_lstm.h5",
      "timeframe": "M15",
      "accuracy": 0.428202479338843,
      "precision": 0.29822397322734273,
      "recall": 0.428202479338843,
      "f1_score": 0.2642406544928304,
      "samples": 1936,
      "predictions_dist": {
        