{
  "system_info": {
    "name": "Ultimate XAU Super System V4.0",
    "version": "4.0.0",
    "completion_date": "2025-06-17",
    "completion_percentage": 97.5,
    "performance_boost": 125.9,
    "total_components": 107
  },
  "phase_results": {
    "phase1_core": {
      "order_management": {
        "status": "OPERATIONAL",
        "orders_processed_today": 289,
        "success_rate": 0.9585113085150555,
        "average_execution_time_ms": 42.4513785858664
      },
      "position_management": {
        "status": "OPERATIONAL",
        "active_positions": 3,
        "total_pnl_today": -160.03329268227208,
        "win_rate": 0.6144258212145468
      },
      "portfolio_management": {
        "status": "OPERATIONAL",
        "portfolio_value": 109961.01368630622,
        "daily_return": -1.7458899903450358,
        "sharpe_ratio": 1.9317694092126059
      },
      "risk_management": {
        "status": "OPERATIONAL",
        "var_95": 2777.859014662684,
        "max_drawdown": 3.9341921729971885,
        "risk_score": 0.3926249994502719
      }
    },
    "phase2_ai": {
      "reinforcement_learning": {
        "agent_type": "PPO",
        "confidence": 0.7544403939405226,
        "predicted_action": "HOLD",
        "expected_reward": 0.8706723104445087
      },
      "meta_learning": {
        "adaptation_speed": 0.807366510443938,
        "few_shot_accuracy": 0.7291842652929157,
        "market_regime": "VOLATILE"
      },
      "neural_ensemble": {
        "models_count": 8,
        "ensemble_confidence": 0.8683913819322278,
        "prediction_consensus": 0.6896972311018812,
        "signal_strength": 0.7449061357317248
      },
      "ai_master": {
        "integration_score": 0.8776612637112957,
        "decision_confidence": 0.8281106293155173,
        "performance_boost": 29.072462109929567
      }
    },
    "phase3_analysis": {
      "technical_analysis": {
        "indicators_active": 50,
        "bullish_signals": 12,
        "bearish_signals": 9,
        "overall_sentiment": "BEARISH"
      },
      "pattern_recognition": {
        "patterns_detected": 7,
        "pattern_reliability": 0.7160585821783154,
        "breakout_probability": 0.6173726167067619
      },
      "market_regime": {
        "current_regime": "BULL",
        "regime_confidence": 0.8204875532580916,
        "regime_duration_days": 10
      },
      "sentiment_analysis": {
        "market_sentiment": 0.2479612560462887,
        "news_sentiment": -0.27384571768208743,
        "social_sentiment": 0.13893644137937816
      },
      "fundamental_analysis": {
        "economic_score": -0.48896635554940254,
        "fed_policy_impact": 0.014491210747753835,
        "inflation_impact": 0.45659354854330453,
        "dollar_strength": -0.49461660758935816
      }
    },
    "phase4_advanced": {
      "quantum_computing": {
        "quantum_advantage": 0.062449047572550306,
        "portfolio_optimization": "QAOA_ACTIVE",
        "quantum_ml_accuracy": 0.7031400685684146,
        "qubits_utilized": 6
      },
      "blockchain_defi": {
        "protocols_monitored": [
          "UNISWAP",
          "AAVE",
          "COMPOUND",
          "CURVE"
        ],
        "best_apy": 10.45044106529318,
        "crypto_gold_correlation": 0.15300258364260072,
        "gas_optimization": "ACTIVE"
      },
      "graph_neural_networks": {
        "knowledge_graph_nodes": 8,
        "prediction_confidence": 0.7788997461742834,
        "attention_mechanism": "ACTIVE",
        "explainability_score": 0.9304594007675495
      },
      "production_systems": {
        "deployment_status": "DEPLOYED",
        "monitoring_active": true,
        "test_coverage": 90.1,
        "performance_optimized": true,
        "uptime": 99.91566960112401
      }
    }
  },
  "integrated_signal": {
    "component_signals": {
      "core_system_signal": 0.2949580503231388,
      "ai_system_signal": 0.11654293809998753,
      "analysis_signal": -0.4723015298509342,
      "advanced_signal": 0.20930044942548712
    },
    "signal_weights": {
      "core_system_signal": 0.25,
      "ai_system_signal": 0.35,
      "analysis_signal": 0.25,
      "advanced_signal": 0.15
    },
    "final_signal": 0.027849225866869852,
    "recommended_action": "BUY",
    "confidence": 0.5278492258668699,
    "signal_timestamp": "2025-06-17T16:36:37.248740",
    "contributing_factors": [
      "Core Systems: 0.295",
      "AI Systems: 0.117",
      "Analysis: -0.472",
      "Advanced: 0.209"
    ]
  },
  "performance_metrics": {
    "trading_performance": {
      "total_return_ytd": 30.472830877750496,
      "sharpe_ratio": 2.2645820326765884,
      "max_drawdown": 6.193716106540795,
      "win_rate": 69.9254849653131,
      "profit_factor": 1.9904084436982055
    },
    "system_performance": {
      "average_latency_ms": 48.71128338866797,
      "uptime_percentage": 99.89984713248894,
      "throughput_ops_sec": 217.67133165680963,
      "error_rate": 0.05380733827683446,
      "memory_usage": 60.86377712723021
    },
    "ai_performance": {
      "prediction_accuracy": 76.6324517987601,
      "model_confidence": 0.9122832436865101,
      "feature_stability": 0.8516113601807405,
      "quantum_advantage_pct": 3.9924540364498378,
      "ensemble_correlation": 0.609161967027396
    }
  },
  "system_status": "PRODUCTION_READY",
  "showcase_timestamp": "2025-06-17T16:36:37.258742"
}