{
  "total_trades": 11960,
  "trading_period_days": 1092,
  "trades_per_day": 10.952380952380953,
  "trades_per_month": 328.57142857142856,
  "trades_per_year": 3997.6190476190477,
  "win_rate": 83.16889632107024,
  "total_return_pct": 140.29032067974236,
  "annualized_return": 46.92402896362262,
  "final_balance": 24029.032067974236,
  "max_drawdown": 0.026614531396601238,
  "profit_factor": 15.540316729575736,
  "monthly_stats": {
    "2022-01": {
      "trades": 321,
      "pnl": 239.03372161700727
    },
    "2022-02": {
      "trades": 306,
      "pnl": 230.49099696800502
    },
    "2022-03": {
      "trades": 326,
      "pnl": 227.15250923745833
    },
    "2022-04": {
      "trades": 307,
      "pnl": 192.3101575048624
    },
    "2022-05": {
      "trades": 325,
      "pnl": 305.9182328470214
    },
    "2022-06": {
      "trades": 333,
      "pnl": 332.75653398349505
    },
    "2022-07": {
      "trades": 313,
      "pnl": 271.60679850370786
    },
    "2022-08": {
      "trades": 361,
      "pnl": 340.30699512807377
    },
    "2022-09": {
      "trades": 344,
      "pnl": 300.81855476892946
    },
    "2022-10": {
      "trades": 341,
      "pnl": 341.1320805832667
    },
    "2022-11": {
      "trades": 360,
      "pnl": 386.8056248293182
    },
    "2022-12": {
      "trades": 356,
      "pnl": 381.6447808033582
    },
    "2023-01": {
      "trades": 353,
      "pnl": 358.58091899420975
    },
    "2023-02": {
      "trades": 325,
      "pnl": 336.35836383470286
    },
    "2023-03": {
      "trades": 380,
      "pnl": 392.88331330270057
    },
    "2023-04": {
      "trades": 317,
      "pnl": 376.80289780201014
    },
    "2023-05": {
      "trades": 357,
      "pnl": 453.51938575048956
    },
    "2023-06": {
      "trades": 345,
      "pnl": 387.4394512140173
    },
    "2023-07": {
      "trades": 329,
      "pnl": 375.7368247687262
    },
    "2023-08": {
      "trades": 326,
      "pnl": 403.7609277441226
    },
    "2023-09": {
      "trades": 329,
      "pnl": 393.03912962676105
    },
    "2023-10": {
      "trades": 331,
      "pnl": 419.24276740308466
    },
    "2023-11": {
      "trades": 341,
      "pnl": 438.65486628856985
    },
    "2023-12": {
      "trades": 305,
      "pnl": 382.3320353471656
    },
    "2024-01": {
      "trades": 355,
      "pnl": 397.4070892077886
    },
    "2024-02": {
      "trades": 311,
      "pnl": 414.4542502812075
    },
    "2024-03": {
      "trades": 301,
      "pnl": 414.6433446463184
    },
    "2024-04": {
      "trades": 317,
      "pnl": 501.9266977596991
    },
    "2024-05": {
      "trades": 366,
      "pnl": 503.47308209957725
    },
    "2024-06": {
      "trades": 307,
      "pnl": 442.65571351695525
    },
    "2024-07": {
      "trades": 332,
      "pnl": 492.2428191919111
    },
    "2024-08": {
      "trades": 328,
      "pnl": 509.56622269720924
    },
    "2024-09": {
      "trades": 315,
      "pnl": 522.4782207183548
    },
    "2024-10": {
      "trades": 360,
      "pnl": 495.45516145838695
    },
    "2024-11": {
      "trades": 323,
      "pnl": 550.0988698967992
    },
    "2024-12": {
      "trades": 314,
      "pnl": 516.3027276489987
    }
  }
}