{
  "timestamp": "20250619_123726",
  "analysis_type": "system_learning_evolution",
  "decisions_analyzed": 11246,
  "learning_analysis": {
    "monthly_accuracy": {
      "2022-01": {
        "accuracy": 93.04635761589404,
        "decisions": 302,
        "high_confidence": 281
      },
      "2022-02": {
        "accuracy": 94.09722222222221,
        "decisions": 288,
        "high_confidence": 271
      },
      "2022-03": {
        "accuracy": 92.44712990936556,
        "decisions": 331,
        "high_confidence": 306
      },
      "2022-04": {
        "accuracy": 92.73927392739274,
        "decisions": 303,
        "high_confidence": 281
      },
      "2022-05": {
        "accuracy": 90.85173501577287,
        "decisions": 317,
        "high_confidence": 288
      },
      "2022-06": {
        "accuracy": 95.88607594936708,
        "decisions": 316,
        "high_confidence": 303
      },
      "2022-07": {
        "accuracy": 90.0990099009901,
        "decisions": 303,
        "high_confidence": 273
      },
      "2022-08": {
        "accuracy": 95.16616314199395,
        "decisions": 331,
        "high_confidence": 315
      },
      "2022-09": {
        "accuracy": 93.69085173501577,
        "decisions": 317,
        "high_confidence": 297
      },
      "2022-10": {
        "accuracy": 92.3841059602649,
        "decisions": 302,
        "high_confidence": 279
      },
      "2022-11": {
        "accuracy": 94.00630914826499,
        "decisions": 317,
        "high_confidence": 298
      },
      "2022-12": {
        "accuracy": 95.26813880126183,
        "decisions": 317,
        "high_confidence": 302
      },
      "2023-01": {
        "accuracy": 93.69085173501577,
        "decisions": 317,
        "high_confidence": 297
      },
      "2023-02": {
        "accuracy": 95.83333333333334,
        "decisions": 288,
        "high_confidence": 276
      },
      "2023-03": {
        "accuracy": 93.65558912386706,
        "decisions": 331,
        "high_confidence": 310
      },
      "2023-04": {
        "accuracy": 93.05555555555556,
        "decisions": 288,
        "high_confidence": 268
      },
      "2023-05": {
        "accuracy": 93.95770392749245,
        "decisions": 331,
        "high_confidence": 311
      },
      "2023-06": {
        "accuracy": 95.26813880126183,
        "decisions": 317,
        "high_confidence": 302
      },
      "2023-07": {
        "accuracy": 95.03311258278146,
        "decisions": 302,
        "high_confidence": 287
      },
      "2023-08": {
        "accuracy": 94.86404833836858,
        "decisions": 331,
        "high_confidence": 314
      },
      "2023-09": {
        "accuracy": 92.73927392739274,
        "decisions": 303,
        "high_confidence": 281
      },
      "2023-10": {
        "accuracy": 93.37539432176656,
        "decisions": 317,
        "high_confidence": 296
      },
      "2023-11": {
        "accuracy": 94.9367088607595,
        "decisions": 316,
        "high_confidence": 300
      },
      "2023-12": {
        "accuracy": 93.3993399339934,
        "decisions": 303,
        "high_confidence": 283
      },
      "2024-01": {
        "accuracy": 93.35347432024169,
        "decisions": 331,
        "high_confidence": 309
      },
      "2024-02": {
        "accuracy": 91.05960264900662,
        "decisions": 302,
        "high_confidence": 275
      },
      "2024-03": {
        "accuracy": 93.72937293729373,
        "decisions": 303,
        "high_confidence": 284
      },
      "2024-04": {
        "accuracy": 93.69085173501577,
        "decisions": 317,
        "high_confidence": 297
      },
      "2024-05": {
        "accuracy": 94.86404833836858,
        "decisions": 331,
        "high_confidence": 314
      },
      "2024-06": {
        "accuracy": 90.27777777777779,
        "decisions": 288,
        "high_confidence": 260
      },
      "2024-07": {
        "accuracy": 93.65558912386706,
        "decisions": 331,
        "high_confidence": 310
      },
      "2024-08": {
        "accuracy": 93.69085173501577,
        "decisions": 317,
        "high_confidence": 297
      },
      "2024-09": {
        "accuracy": 94.70198675496688,
        "decisions": 302,
        "high_confidence": 286
      },
      "2024-10": {
        "accuracy": 93.35347432024169,
        "decisions": 331,
        "high_confidence": 309
      },
      "2024-11": {
        "accuracy": 92.73927392739274,
        "decisions": 303,
        "high_confidence": 281
      },
      "2024-12": {
        "accuracy": 91.3907284768212,
        "decisions": 302,
        "high_confidence": 276
      }
    },
    "regime_analysis": {
      "Regime_0": {
        "count": 2812,
        "avg_volatility": 0.04601440542526273,
        "avg_trend": -0.005811531179325988,
        "preferred_signal": "HOLD",
        "description": "Low volatility, sideways"
      },
      "Regime_1": {
        "count": 1874,
        "avg_volatility": 0.045984326859410354,
        "avg_trend": -0.007242961467115779,
        "preferred_signal": "HOLD",
        "description": "Low volatility, sideways"
      },
      "Regime_2": {
        "count": 2811,
        "avg_volatility": 0.04610509687552183,
        "avg_trend": -0.004032647688265404,
        "preferred_signal": "HOLD",
        "description": "Low volatility, sideways"
      },
      "Regime_3": {
        "count": 2343,
        "avg_volatility": 0.04595073030816052,
        "avg_trend": 0.0038703475844034285,
        "preferred_signal": "HOLD",
        "description": "Low volatility, sideways"
      },
      "Regime_4": {
        "count": 1406,
        "avg_volatility": 0.04614058316921254,
        "avg_trend": 0.011867266337014373,
        "preferred_signal": "HOLD",
        "description": "Low volatility, sideways"
      }
    },
    "hourly_patterns": {
      "signal": {
        "0": "HOLD",
        "1": "HOLD",
        "2": "HOLD",
        "3": "BUY",
        "4": "HOLD",
        "5": "HOLD",
        "6": "HOLD",
        "7": "HOLD",
        "8": "HOLD",
        "9": "HOLD",
        "10": "BUY",
        "11": "HOLD",
        "12": "HOLD",
        "13": "BUY",
        "14": "HOLD",
        "15": "BUY",
        "16": "HOLD",
        "17": "HOLD",
        "18": "HOLD",
        "19": "SELL",
        "20": "HOLD",
        "21": "HOLD",
        "22": "HOLD",
        "23": "HOLD"
      },
      "confidence": {
        "0": 0.736,
        "1": 0.728,
        "2": 0.739,
        "3": 0.731,
        "4": 0.74,
        "5": 0.739,
        "6": 0.724,
        "7": 0.739,
        "8": 0.72,
        "9": 0.735,
        "10": 0.725,
        "11": 0.732,
        "12": 0.726,
        "13": 0.738,
        "14": 0.729,
        "15": 0.737,
        "16": 0.732,
        "17": 0.737,
        "18": 0.729,
        "19": 0.733,
        "20": 0.744,
        "21": 0.724,
        "22": 0.744,
        "23": 0.723
      }
    },
    "dow_patterns": {
      "signal": {
        "0": "HOLD",
        "1": "HOLD",
        "2": "HOLD",
        "3": "HOLD",
        "4": "HOLD"
      },
      "confidence": {
        "0": 0.734,
        "1": 0.739,
        "2": 0.725,
        "3": 0.733,
        "4": 0.732
      }
    },
    "total_patterns_learned": 5
  },
  "evolution_comparison": {
    "AI3.0_characteristics": {
      "decision_making": "Hard thresholds (0.65, 0.55, 0.45, 0.35)",
      "adaptability": "Static - kh\u00f4ng thay \u0111\u1ed5i theo market conditions",
      "learning_capability": "Limited - ch\u1ec9 h\u1ecdc t\u1eeb historical patterns",
      "market_awareness": "Single timeframe focus",
      "risk_management": "Conservative bias (92% HOLD)",
      "trading_frequency": "0% - kh\u00f4ng giao d\u1ecbch th\u1ef1c t\u1ebf",
      "pattern_recognition": "Basic technical indicators"
    },
    "AI2.0_characteristics": {
      "decision_making": "Democratic voting system (3+ voters)",
      "adaptability": "Dynamic - thresholds adjust theo volatility",